{"name":"Shrek 1","director":"dirida","year":"2005","version":"Tue, 05 Jan 2021 08:31:06 GMT","photoURL":"","_id":"29nTg0tFZmBoW3mC","lat":46.73143582399494,"lng":22.236028992187478,"userID":"vI1GMkzBza5i82zj","userId":"vI1GMkzBza5i82zj"}
{"name":"Another one there","director":"director2","year":"1999","userID":"vI1GMkzBza5i82zj","version":"Mon, 04 Jan 2021 21:43:28 GMT","photoURL":"1609796606131.jpeg","_id":"PzmXKgqtGdm8PesU"}
{"name":"My movie 7","director":"the best director","year":"2020","version":"Tue, 05 Jan 2021 06:42:33 GMT","photoURL":"1609828947511.jpeg","lat":46.74273889890132,"lng":23.609251807812512,"_id":"bZS3sEdnfX7FaH84","userID":"vI1GMkzBza5i82zj","userId":"vI1GMkzBza5i82zj"}
{"name":"Shrek 1","director":"dirida","year":"2005","version":"Tue, 05 Jan 2021 10:25:49 GMT","photoURL":"1609842327211.jpeg","_id":"29nTg0tFZmBoW3mC","lat":47.157706893025946,"lng":23.274236999999978,"userID":"vI1GMkzBza5i82zj","userId":"vI1GMkzBza5i82zj"}
{"name":"My movie","director":"the best director","year":"2020","version":"Tue, 05 Jan 2021 10:27:24 GMT","photoURL":"","lat":46.74273889890132,"lng":23.609251807812512,"_id":"bZS3sEdnfX7FaH84","userID":"vI1GMkzBza5i82zj","userId":"vI1GMkzBza5i82zj"}
{"name":"My movie new","director":"the best director","year":"2020","version":"Tue, 05 Jan 2021 10:27:35 GMT","photoURL":"","lat":46.74273889890132,"lng":23.609251807812512,"_id":"bZS3sEdnfX7FaH84","userID":"vI1GMkzBza5i82zj","userId":"vI1GMkzBza5i82zj"}
{"name":"My movie","director":"the best director","year":"2020","version":"Tue, 05 Jan 2021 10:28:11 GMT","photoURL":"","lat":46.74273889890132,"lng":23.609251807812512,"_id":"bZS3sEdnfX7FaH84","userID":"vI1GMkzBza5i82zj","userId":""}
{"name":"Shrek 1","director":"dirida","year":"2005","version":"Tue, 05 Jan 2021 10:34:42 GMT","photoURL":"1609842879799.jpeg","_id":"29nTg0tFZmBoW3mC","lat":47.157706893025946,"lng":23.274236999999978,"userID":"vI1GMkzBza5i82zj","userId":"vI1GMkzBza5i82zj"}
